name,email,birthday,country
Guilherme,guilherme.veras@200dev.com,2000-04-11,Brazil
Maria,maria@gmail.com,1995-09-22,USA
John,john@outlook.com,1988-07-15,Canada
Luis,luis@ibm.com,1979-03-05,Spain
Anna,anna@yahoo.com,2002-11-30,Germany
Sophia,sophia@yahoo.com,2008-05-15,USA
Lucas,lucas@hotmail.com,2007-09-23,Brazil
Emma,emma@gmail.com,2006-12-01,UK
Gabriela,gabriela@gmail.com,2006-06-07,UK